{
  "channels": [
    "Channel_1",
    "Channel_2",
    "Channel_3"
  ],
  "water_level_std": {
    "baseline": [
      0.0855466069991065,
      0.09283886948352858,
      0.08706615616618404
    ],
    "sensor": [
      0.3591051107406003,
      0.23298514903190878,
      0.1731445731852084
    ],
    "actuator": [
      0.07847735890414197,
      0.0980515378158434,
      0.08288662039584935
    ]
  },
  "flow_rate_std": {
    "baseline": [
      1.67029472429539,
      1.5987974724189749,
      1.8037779464177877
    ],
    "sensor": [
      1.8142844496158501,
      1.6583858871334016,
      1.7273399164012875
    ],
    "actuator": [
      6.482262886193495,
      1.7144251642909365,
      1.7425419357471965
    ]
  },
  "gate_opening_std": {
    "baseline": [
      0.016594929174854174,
      0.01738661828725781,
      0.019114633288958214
    ],
    "sensor": [
      0.01683165020892537,
      0.016805554254229967,
      0.018371380209651515
    ],
    "actuator": [
      0.13471214771122625,
      0.0500853093388233,
      0.01666047994053698
    ]
  }
}