,Gate_1_RMSE,Gate_1_steady_state_error,Gate_1_overshoot,Gate_1_control_effort,Gate_2_RMSE,Gate_2_steady_state_error,Gate_2_overshoot,Gate_2_control_effort,Gate_3_RMSE,Gate_3_steady_state_error,Gate_3_overshoot,Gate_3_control_effort,overall_RMSE,overall_steady_state_error,overall_overshoot,overall_control_effort
rule_normal_operation,0.07042548196342646,0.06369366133116783,1.1179937025429432,0.0,0.07065524344579402,0.06101863928013786,1.3893663961569436,0.0,0.07077200644674131,0.06343570314260516,1.9062647286254137,0.0,0.0706175772853206,0.06271600125130361,1.4712082757751002,0.0
mpc_normal_operation,0.03546111445248324,0.032004084588441825,0.5256764677610803,0.006396932060134648,0.03546596046649807,0.032123008087066224,0.6479943095005325,0.006396932060134643,0.03540461662167777,0.032075403381591684,0.8691586612160999,0.006396932060134663,0.035443897180219695,0.03206749868569991,0.6809431461592376,0.006396932060134652
rule_rainfall_disturbance,0.3868510447199692,0.06182917442684399,8.130386984327451,0.0,0.3891490146170787,0.0623871442500103,10.142034403489886,0.0,0.3873335837116201,0.06288674638477756,13.706448243381844,0.0,0.3877778810162226,0.062367688353877286,10.659623210399728,0.0
mpc_rainfall_disturbance,0.1530900095246859,0.03343955193430729,3.11993126649897,0.024607949748859888,0.1532076069001093,0.03328189927629957,3.8174872189318254,0.024656145789124957,0.1536208753936869,0.03348597458157491,5.053026765861116,0.0246482621998086,0.15330616393949403,0.03340247526406059,3.99681508376397,0.024637452579264484
rule_extreme_disturbance,0.32211871909538325,0.06287768640996146,8.084792005338794,0.0,0.32449049271100794,0.06290330314780457,10.16278632385097,0.0,0.3256128736488598,0.06172784245726515,13.811004844619745,0.0,0.32407402848508365,0.06250294400501039,10.686194391269837,0.0
mpc_extreme_disturbance,0.1250088920763834,0.03381180489171973,3.0445356142634594,0.01892045637797302,0.12466978676412384,0.033541826307863606,3.8195702036950774,0.018930960722781606,0.12594806167968617,0.03320443480194858,5.0972319443865235,0.018903247271579392,0.12520891350673113,0.033519355333843974,3.9871125874483533,0.018918221457444675
