{
  "channels": [
    "Channel_1",
    "Channel_2",
    "Channel_3"
  ],
  "water_level_mae": [
    0.26094261061750373,
    0.13535814052786926,
    0.15891017702594434
  ],
  "water_level_rmse": [
    0.3166163869991546,
    0.17888455902355818,
    0.1954397702310606
  ],
  "flow_rate_mae": [
    2.2786142717357594,
    2.4111029903877674,
    2.148386105212108
  ],
  "flow_rate_rmse": [
    2.840374151363426,
    2.986231868544315,
    2.8861700793894283
  ],
  "gate_opening_mae": [
    0.03334155352786421,
    0.03555080615566117,
    0.032429922057655505
  ],
  "gate_opening_rmse": [
    0.040626590765409185,
    0.04644381632508065,
    0.04149350524693478
  ],
  "sync_delay_impact": [
    1.0069197097895892,
    0.9419459091287963,
    0.8989918306393513
  ]
}